<?xml version="1.0" encoding="UTF-8"?>
<GenRun Id="impl_1" LaunchPart="xc7z020clg484-1" LaunchTime="1745503630">
  <File Type="ROUTE-PWR" Name="Project_Top_power_routed.rpt"/>
  <File Type="PA-TCL" Name="Project_Top.tcl"/>
  <File Type="ROUTE-PWR-SUM" Name="Project_Top_power_summary_routed.pb"/>
  <File Type="REPORTS-TCL" Name="Project_Top_reports.tcl"/>
  <File Type="BITSTR-MSK" Name="Project_Top.msk"/>
  <File Type="ROUTE-CLK" Name="Project_Top_clock_utilization_routed.rpt"/>
  <File Type="RDI-RDI" Name="Project_Top.vdi"/>
  <File Type="POSTROUTE-PHYSOPT-BUS-SKEW-PB" Name="Project_Top_bus_skew_postroute_physopted.pb"/>
  <File Type="BG-BIT" Name="Project_Top.bit"/>
  <File Type="BG-DRC" Name="Project_Top.drc"/>
  <File Type="BG-BGN" Name="Project_Top.bgn"/>
  <File Type="BG-BIN" Name="Project_Top.bin"/>
  <File Type="BITSTR-RBT" Name="Project_Top.rbt"/>
  <File Type="BITSTR-NKY" Name="Project_Top.nky"/>
  <File Type="BITSTR-BMM" Name="Project_Top_bd.bmm"/>
  <File Type="BITSTR-MMI" Name="Project_Top.mmi"/>
  <File Type="ROUTE-METHODOLOGY-DRC" Name="Project_Top_methodology_drc_routed.rpt"/>
  <File Type="BITSTR-SYSDEF" Name="Project_Top.sysdef"/>
  <File Type="BITSTR-LTX" Name="debug_nets.ltx"/>
  <File Type="BITSTR-LTX" Name="Project_Top.ltx"/>
  <File Type="WBT-USG" Name="usage_statistics_webtalk.html"/>
  <File Type="OPT-DRC" Name="Project_Top_drc_opted.rpt"/>
  <File Type="OPT-HWDEF" Name="Project_Top.hwdef"/>
  <File Type="PLACE-IO" Name="Project_Top_io_placed.rpt"/>
  <File Type="PLACE-UTIL" Name="Project_Top_utilization_placed.rpt"/>
  <File Type="PLACE-UTIL-PB" Name="Project_Top_utilization_placed.pb"/>
  <File Type="PLACE-CTRL" Name="Project_Top_control_sets_placed.rpt"/>
  <File Type="PLACE-PRE-SIMILARITY" Name="Project_Top_incremental_reuse_pre_placed.rpt"/>
  <File Type="ROUTE-DRC" Name="Project_Top_drc_routed.rpt"/>
  <File Type="ROUTE-DRC-PB" Name="Project_Top_drc_routed.pb"/>
  <File Type="ROUTE-PWR-RPX" Name="Project_Top_power_routed.rpx"/>
  <File Type="ROUTE-STATUS" Name="Project_Top_route_status.rpt"/>
  <File Type="ROUTE-STATUS-PB" Name="Project_Top_route_status.pb"/>
  <File Type="ROUTE-DCP" Name="Project_Top_routed.dcp"/>
  <File Type="ROUTE-ERROR-DCP" Name="Project_Top_routed_error.dcp"/>
  <File Type="ROUTE-BLACKBOX-DCP" Name="Project_Top_routed_bb.dcp"/>
  <File Type="ROUTE-TIMINGSUMMARY" Name="Project_Top_timing_summary_routed.rpt"/>
  <File Type="ROUTE-TIMING-PB" Name="Project_Top_timing_summary_routed.pb"/>
  <File Type="ROUTE-TIMING-RPX" Name="Project_Top_timing_summary_routed.rpx"/>
  <File Type="ROUTE-SIMILARITY" Name="Project_Top_incremental_reuse_routed.rpt"/>
  <File Type="ROUTE-BUS-SKEW" Name="Project_Top_bus_skew_routed.rpt"/>
  <File Type="ROUTE-BUS-SKEW-PB" Name="Project_Top_bus_skew_routed.pb"/>
  <File Type="ROUTE-BUS-SKEW-RPX" Name="Project_Top_bus_skew_routed.rpx"/>
  <File Type="OPT-DCP" Name="Project_Top_opt.dcp"/>
  <File Type="PLACE-DCP" Name="Project_Top_placed.dcp"/>
  <File Type="PWROPT-DCP" Name="Project_Top_pwropt.dcp"/>
  <File Type="POSTPLACE-PWROPT-DCP" Name="Project_Top_postplace_pwropt.dcp"/>
  <File Type="PHYSOPT-DCP" Name="Project_Top_physopt.dcp"/>
  <File Type="POSTROUTE-PHYSOPT-DCP" Name="Project_Top_postroute_physopt.dcp"/>
  <File Type="POSTROUTE-PHYSOPT-BLACKBOX-DCP" Name="Project_Top_postroute_physopt_bb.dcp"/>
  <File Type="POSTROUTE-PHYSOPT-TIMING" Name="Project_Top_timing_summary_postroute_physopted.rpt"/>
  <File Type="POSTROUTE-PHYSOPT-TIMING-PB" Name="Project_Top_timing_summary_postroute_physopted.pb"/>
  <File Type="POSTROUTE-PHYSOPT-TIMING-RPX" Name="Project_Top_timing_summary_postroute_physopted.rpx"/>
  <File Type="POSTROUTE-PHYSOPT-BUS-SKEW" Name="Project_Top_bus_skew_postroute_physopted.rpt"/>
  <File Type="POSTROUTE-PHYSOPT-BUS-SKEW-RPX" Name="Project_Top_bus_skew_postroute_physopted.rpx"/>
  <File Type="ROUTE-METHODOLOGY-DRC-PB" Name="Project_Top_methodology_drc_routed.pb"/>
  <File Type="ROUTE-DRC-RPX" Name="Project_Top_drc_routed.rpx"/>
  <File Type="ROUTE-METHODOLOGY-DRC-RPX" Name="Project_Top_methodology_drc_routed.rpx"/>
  <File Type="PDI-FILE" Name="Project_Top.pdi"/>
  <File Type="BOOT-PDI-FILE" Name="Project_Top_boot.pdi"/>
  <File Type="PL-PDI-FILE" Name="Project_Top_pld.pdi"/>
  <File Type="RCFI_FILE" Name="Project_Top.rcfi"/>
  <File Type="CFI_FILE" Name="Project_Top.cfi"/>
  <File Type="RNPI_FILE" Name="Project_Top.rnpi"/>
  <File Type="NPI_FILE" Name="Project_Top.npi"/>
  <File Type="RBD_FILE" Name="Project_Top.rbd"/>
  <File Type="ROUTE-RQS" Name="Project_Top_routed.rqs"/>
  <File Type="POSTROUTE-PHYSOPT-RQS" Name="Project_Top_postroute_physopted.rqs"/>
  <File Type="ROUTE-RQS-RPT" Name="route_report_qor_suggestions_0.rpt"/>
  <File Type="POSTROUTE-PHYSOPT-RQS-RPT" Name="postroute_physopt_report_qor_suggestions_0.rpt"/>
  <FileSet Name="sources" Type="DesignSrcs" RelSrcDir="$PSRCDIR/sources_1" RelGenDir="$PGENDIR/sources_1">
    <Filter Type="Srcs"/>
    <File Path="$PSRCDIR/sources_1/new/Butterfly_Unit_Stage1.v">
      <FileInfo>
        <Attr Name="UsedIn" Val="synthesis"/>
        <Attr Name="UsedIn" Val="implementation"/>
        <Attr Name="UsedIn" Val="simulation"/>
      </FileInfo>
    </File>
    <File Path="$PSRCDIR/sources_1/new/Butterfly_Unit_Stage2.v">
      <FileInfo>
        <Attr Name="UsedIn" Val="synthesis"/>
        <Attr Name="UsedIn" Val="implementation"/>
        <Attr Name="UsedIn" Val="simulation"/>
      </FileInfo>
    </File>
    <File Path="$PSRCDIR/sources_1/new/Buttterfly_Unit_Stage3.v">
      <FileInfo>
        <Attr Name="UsedIn" Val="synthesis"/>
        <Attr Name="UsedIn" Val="implementation"/>
        <Attr Name="UsedIn" Val="simulation"/>
      </FileInfo>
    </File>
    <File Path="$PSRCDIR/sources_1/new/DA2_Top.v">
      <FileInfo>
        <Attr Name="UsedIn" Val="synthesis"/>
        <Attr Name="UsedIn" Val="implementation"/>
        <Attr Name="UsedIn" Val="simulation"/>
      </FileInfo>
    </File>
    <File Path="$PSRCDIR/sources_1/new/FFT.v">
      <FileInfo>
        <Attr Name="UsedIn" Val="synthesis"/>
        <Attr Name="UsedIn" Val="implementation"/>
        <Attr Name="UsedIn" Val="simulation"/>
      </FileInfo>
    </File>
    <File Path="$PSRCDIR/sources_1/new/MIC3_top.v">
      <FileInfo>
        <Attr Name="UsedIn" Val="synthesis"/>
        <Attr Name="UsedIn" Val="implementation"/>
        <Attr Name="UsedIn" Val="simulation"/>
      </FileInfo>
    </File>
    <File Path="$PSRCDIR/sources_1/new/Top_Module.v">
      <FileInfo>
        <Attr Name="UsedIn" Val="synthesis"/>
        <Attr Name="UsedIn" Val="implementation"/>
        <Attr Name="UsedIn" Val="simulation"/>
      </FileInfo>
    </File>
    <File Path="$PSRCDIR/sources_1/new/clkDiv25en.v">
      <FileInfo>
        <Attr Name="UsedIn" Val="synthesis"/>
        <Attr Name="UsedIn" Val="implementation"/>
        <Attr Name="UsedIn" Val="simulation"/>
      </FileInfo>
    </File>
    <File Path="$PSRCDIR/sources_1/new/da2_dual.v">
      <FileInfo>
        <Attr Name="UsedIn" Val="synthesis"/>
        <Attr Name="UsedIn" Val="implementation"/>
        <Attr Name="UsedIn" Val="simulation"/>
      </FileInfo>
    </File>
    <File Path="$PSRCDIR/sources_1/new/pmod_mic3.v">
      <FileInfo>
        <Attr Name="UsedIn" Val="synthesis"/>
        <Attr Name="UsedIn" Val="implementation"/>
        <Attr Name="UsedIn" Val="simulation"/>
      </FileInfo>
    </File>
    <File Path="$PSRCDIR/sources_1/new/spi_clk.v">
      <FileInfo>
        <Attr Name="UsedIn" Val="synthesis"/>
        <Attr Name="UsedIn" Val="implementation"/>
        <Attr Name="UsedIn" Val="simulation"/>
      </FileInfo>
    </File>
    <File Path="$PSRCDIR/sources_1/new/Project_Top.v">
      <FileInfo>
        <Attr Name="UsedIn" Val="synthesis"/>
        <Attr Name="UsedIn" Val="implementation"/>
        <Attr Name="UsedIn" Val="simulation"/>
      </FileInfo>
    </File>
    <File Path="$PSRCDIR/sources_1/new/Magnitude_Comparator.v">
      <FileInfo>
        <Attr Name="AutoDisabled" Val="1"/>
        <Attr Name="UsedIn" Val="synthesis"/>
        <Attr Name="UsedIn" Val="implementation"/>
        <Attr Name="UsedIn" Val="simulation"/>
      </FileInfo>
    </File>
    <Config>
      <Option Name="DesignMode" Val="RTL"/>
      <Option Name="TopModule" Val="Project_Top"/>
      <Option Name="TopAutoSet" Val="TRUE"/>
    </Config>
  </FileSet>
  <FileSet Name="constrs_in" Type="Constrs" RelSrcDir="$PSRCDIR/constrs_1" RelGenDir="$PGENDIR/constrs_1">
    <Filter Type="Constrs"/>
    <File Path="$PSRCDIR/constrs_1/new/Constraints.xdc">
      <FileInfo>
        <Attr Name="UsedIn" Val="synthesis"/>
        <Attr Name="UsedIn" Val="implementation"/>
      </FileInfo>
    </File>
    <Config>
      <Option Name="TargetConstrsFile" Val="$PSRCDIR/constrs_1/new/Constraints.xdc"/>
      <Option Name="ConstrsType" Val="XDC"/>
    </Config>
  </FileSet>
  <FileSet Name="utils" Type="Utils" RelSrcDir="$PSRCDIR/utils_1" RelGenDir="$PGENDIR/utils_1">
    <Filter Type="Utils"/>
    <File Path="$PSRCDIR/utils_1/imports/synth_1/Complex_Multiplier.dcp">
      <FileInfo>
        <Attr Name="UsedIn" Val="synthesis"/>
        <Attr Name="UsedIn" Val="implementation"/>
        <Attr Name="UsedInSteps" Val="synth_1"/>
        <Attr Name="UsedInSteps" Val="synth_1_copy_1"/>
        <Attr Name="AutoDcp" Val="1"/>
      </FileInfo>
    </File>
    <Config>
      <Option Name="TopAutoSet" Val="TRUE"/>
    </Config>
  </FileSet>
  <Strategy Version="1" Minor="2">
    <StratHandle Name="Vivado Implementation Defaults" Flow="Vivado Implementation 2024"/>
    <Step Id="init_design"/>
    <Step Id="opt_design"/>
    <Step Id="power_opt_design"/>
    <Step Id="place_design"/>
    <Step Id="post_place_power_opt_design"/>
    <Step Id="phys_opt_design"/>
    <Step Id="route_design"/>
    <Step Id="post_route_phys_opt_design"/>
    <Step Id="write_bitstream"/>
    <Step Id="write_device_image"/>
  </Strategy>
</GenRun>
